KEY,percepcion,ideologia
21_1,APRUEBA,MORENA
21_1,APRUEBA,MORENA
21_1,APRUEBA,MORENA
21_1,APRUEBA,MUY MORENA
21_1,APRUEBA,MORENA
21_1,APRUEBA,MORENA
21_1,APRUEBA,MORENA
21_1,APRUEBA,MORENA
21_1,DESAPRUEBA,NADA MORENA
21_1,APRUEBA,INTERMEDIO
29_5,APRUEBA,MUY MORENA
29_5,APRUEBA,MORENA
29_5,APRUEBA,MORENA
29_5,APRUEBA,MORENA
29_5,APRUEBA,MORENA
29_5,APRUEBA,MORENA
29_5,APRUEBA,MUY MORENA
29_5,APRUEBA,MUY MORENA
29_5,APRUEBA,MORENA
29_5,APRUEBA,MORENA
29_5,APRUEBA,MORENA
22_3,APRUEBA,MORENA
22_3,APRUEBA,MORENA
22_3,APRUEBA,MORENA
22_3,APRUEBA,MORENA
22_3,APRUEBA,MORENA
22_3,APRUEBA,MORENA
22_3,INTERMEDIO,MORENA
22_3,APRUEBA,MORENA
22_3,APRUEBA,INTERMEDIO
22_3,APRUEBA,POCO MORENA
22_5,APRUEBA,MUY MORENA
22_5,APRUEBA,MUY MORENA
22_5,APRUEBA,INTERMEDIO
22_5,DESAPRUEBA,MORENA
22_5,DESAPRUEBA,NADA MORENA
22_5,INTERMEDIO,NO CONTESTO
22_5,APRUEBA,MORENA
22_5,APRUEBA,MORENA
22_5,APRUEBA,MORENA
22_5,APRUEBA,MORENA
4_1,APRUEBA,INTERMEDIO
4_1,APRUEBA,INTERMEDIO
4_1,DESAPRUEBA,INTERMEDIO
4_1,APRUEBA,MORENA
4_1,INTERMEDIO,INTERMEDIO
4_1,APRUEBA,MORENA
4_1,APRUEBA,MORENA
4_1,APRUEBA,MORENA
4_1,APRUEBA,MORENA
4_1,APRUEBA,MORENA
11_2,NO CONTESTO,MORENA
11_2,APRUEBA,NO CONTESTO
11_2,APRUEBA,MORENA
11_2,APRUEBA,INTERMEDIO
11_2,INTERMEDIO,INTERMEDIO
11_2,APRUEBA,POCO MORENA
11_2,APRUEBA,MORENA
11_2,APRUEBA,POCO MORENA
11_2,APRUEBA,MUY MORENA
11_2,APRUEBA,MORENA
21_19,APRUEBA,MORENA
21_19,APRUEBA,POCO MORENA
21_19,INTERMEDIO,INTERMEDIO
21_19,DESAPRUEBA,POCO MORENA
21_19,NO CONTESTO,INTERMEDIO
21_19,APRUEBA,INTERMEDIO
21_19,APRUEBA,NADA MORENA
21_19,APRUEBA,MORENA
21_19,DESAPRUEBA,NADA MORENA
21_19,APRUEBA,MORENA
4_12,APRUEBA,INTERMEDIO
4_12,INTERMEDIO,INTERMEDIO
4_12,APRUEBA,MORENA
4_12,APRUEBA,MORENA
4_12,APRUEBA,MORENA
4_12,NO CONTESTO,NO CONTESTO
4_12,APRUEBA,INTERMEDIO
4_12,APRUEBA,INTERMEDIO
4_12,APRUEBA,MORENA
4_12,APRUEBA,MORENA
27_3,APRUEBA,POCO MORENA
27_3,APRUEBA,MORENA
27_3,APRUEBA,MORENA
27_3,APRUEBA,MORENA
27_3,APRUEBA,INTERMEDIO
27_3,APRUEBA,NO CONTESTO
27_3,APRUEBA,MORENA
27_3,APRUEBA,MORENA
27_3,APRUEBA,MORENA
27_3,DESAPRUEBA,POCO MORENA
27_3,APRUEBA,MORENA
27_3,APRUEBA,INTERMEDIO
9_2,APRUEBA,MORENA
9_2,INTERMEDIO,INTERMEDIO
9_2,APRUEBA,MORENA
9_2,APRUEBA,MORENA
9_2,APRUEBA,MUY MORENA
9_2,APRUEBA,MORENA
9_2,APRUEBA,MORENA
9_2,APRUEBA,MORENA
9_2,INTERMEDIO,INTERMEDIO
9_2,DESAPRUEBA,POCO MORENA
19_9,APRUEBA,MORENA
19_9,APRUEBA,MORENA
19_9,APRUEBA,MUY MORENA
19_9,APRUEBA,MORENA
19_9,APRUEBA,MORENA
19_9,APRUEBA,MORENA
19_9,APRUEBA,MUY MORENA
19_9,APRUEBA,MORENA
19_9,APRUEBA,INTERMEDIO
19_9,APRUEBA,MORENA
19_9,APRUEBA,MORENA
4_3,APRUEBA,MUY MORENA
4_3,APRUEBA,MORENA
4_3,APRUEBA,MUY MORENA
4_3,APRUEBA,MORENA
4_3,APRUEBA,NADA MORENA
4_3,APRUEBA,MORENA
4_3,APRUEBA,MORENA
4_3,APRUEBA,MUY MORENA
4_3,DESAPRUEBA,NO CONTESTO
4_3,APRUEBA,MORENA
17_7,DESAPRUEBA,POCO MORENA
17_7,INTERMEDIO,POCO MORENA
17_7,NO CONTESTO,NO CONTESTO
17_7,DESAPRUEBA,MORENA
17_7,APRUEBA,MORENA
17_7,APRUEBA,INTERMEDIO
17_7,INTERMEDIO,MORENA
17_7,INTERMEDIO,MORENA
17_7,APRUEBA,MUY MORENA
17_7,INTERMEDIO,INTERMEDIO
17_7,APRUEBA,MUY MORENA
15_11,APRUEBA,MUY MORENA
15_11,APRUEBA,MORENA
15_11,APRUEBA,INTERMEDIO
15_11,DESAPRUEBA,POCO MORENA
15_11,INTERMEDIO,MORENA
15_11,DESAPRUEBA,MORENA
15_11,APRUEBA,MORENA
15_11,APRUEBA,MORENA
15_11,INTERMEDIO,INTERMEDIO
15_11,APRUEBA,MORENA
9_2,APRUEBA,MUY MORENA
9_2,DESAPRUEBA,NADA MORENA
9_2,APRUEBA,MUY MORENA
9_2,APRUEBA,MORENA
9_2,APRUEBA,MORENA
9_2,APRUEBA,MORENA
9_2,APRUEBA,MORENA
9_2,APRUEBA,INTERMEDIO
9_2,APRUEBA,MORENA
9_2,APRUEBA,MORENA
15_13,APRUEBA,MORENA
15_13,INTERMEDIO,INTERMEDIO
15_13,APRUEBA,MUY MORENA
15_13,APRUEBA,MORENA
15_13,APRUEBA,MUY MORENA
15_13,APRUEBA,MUY MORENA
15_13,APRUEBA,MUY MORENA
15_13,APRUEBA,MORENA
15_13,APRUEBA,MORENA
15_13,APRUEBA,INTERMEDIO
11_5,DESAPRUEBA,NADA MORENA
11_5,APRUEBA,MORENA
11_5,APRUEBA,MORENA
11_5,APRUEBA,MORENA
11_5,APRUEBA,MORENA
11_5,INTERMEDIO,POCO MORENA
11_5,INTERMEDIO,INTERMEDIO
11_5,APRUEBA,MORENA
11_5,APRUEBA,INTERMEDIO
11_5,APRUEBA,MORENA
10_5,DESAPRUEBA,NADA MORENA
10_5,APRUEBA,MORENA
10_5,APRUEBA,MORENA
10_5,APRUEBA,MUY MORENA
10_5,APRUEBA,MORENA
10_5,DESAPRUEBA,MUY MORENA
10_5,APRUEBA,MORENA
10_5,APRUEBA,MORENA
10_5,APRUEBA,MORENA
10_5,APRUEBA,MORENA
21_44,APRUEBA,MORENA
21_44,APRUEBA,MORENA
21_44,APRUEBA,MORENA
21_44,APRUEBA,POCO MORENA
21_44,APRUEBA,NO CONTESTO
21_44,APRUEBA,MORENA
21_44,INTERMEDIO,INTERMEDIO
21_44,APRUEBA,MORENA
21_44,APRUEBA,MORENA
21_44,APRUEBA,MORENA
13_21,APRUEBA,MORENA
13_21,APRUEBA,MORENA
13_21,APRUEBA,MORENA
13_21,APRUEBA,MUY MORENA
13_21,APRUEBA,MORENA
13_21,APRUEBA,MUY MORENA
13_21,INTERMEDIO,MORENA
13_21,INTERMEDIO,INTERMEDIO
13_21,APRUEBA,MORENA
13_21,APRUEBA,MORENA
15_13,APRUEBA,MORENA
15_13,APRUEBA,MORENA
15_13,APRUEBA,MORENA
15_13,APRUEBA,MUY MORENA
15_13,APRUEBA,MORENA
15_13,APRUEBA,MORENA
15_13,APRUEBA,MUY MORENA
15_13,APRUEBA,MORENA
15_13,APRUEBA,MORENA
15_13,APRUEBA,MUY MORENA
27_4,APRUEBA,MORENA
27_4,APRUEBA,MORENA
27_4,APRUEBA,MORENA
27_4,APRUEBA,MUY MORENA
27_4,APRUEBA,MUY MORENA
27_4,APRUEBA,NADA MORENA
27_4,APRUEBA,MUY MORENA
27_4,APRUEBA,MORENA
27_4,APRUEBA,MORENA
27_4,APRUEBA,MORENA
28_19,APRUEBA,MORENA
28_19,APRUEBA,MUY MORENA
28_19,APRUEBA,NO CONTESTO
28_19,APRUEBA,MORENA
28_19,APRUEBA,MORENA
28_19,APRUEBA,MUY MORENA
28_19,DESAPRUEBA,POCO MORENA
28_19,APRUEBA,MORENA
28_19,APRUEBA,MUY MORENA
28_19,APRUEBA,MORENA
5_18,APRUEBA,POCO MORENA
5_18,APRUEBA,MUY MORENA
5_18,APRUEBA,MUY MORENA
5_18,APRUEBA,MORENA
5_18,APRUEBA,MUY MORENA
5_18,DESAPRUEBA,NADA MORENA
5_18,APRUEBA,MUY MORENA
5_18,APRUEBA,MORENA
5_18,NO CONTESTO,POCO MORENA
5_18,DESAPRUEBA,POCO MORENA
27_4,INTERMEDIO,MORENA
27_4,APRUEBA,MORENA
27_4,INTERMEDIO,MORENA
27_4,APRUEBA,MUY MORENA
27_4,APRUEBA,MORENA
27_4,APRUEBA,MORENA
27_4,APRUEBA,MORENA
27_4,APRUEBA,INTERMEDIO
27_4,APRUEBA,MORENA
27_4,APRUEBA,INTERMEDIO
19_21,APRUEBA,MORENA
19_21,APRUEBA,MORENA
19_21,INTERMEDIO,INTERMEDIO
19_21,DESAPRUEBA,MORENA
19_21,APRUEBA,MORENA
19_21,APRUEBA,MUY MORENA
19_21,APRUEBA,MORENA
19_21,APRUEBA,MORENA
19_21,APRUEBA,MORENA
19_21,APRUEBA,MORENA
29_34,APRUEBA,MORENA
29_34,INTERMEDIO,INTERMEDIO
29_34,APRUEBA,MORENA
29_34,APRUEBA,MORENA
29_34,APRUEBA,MUY MORENA
29_34,APRUEBA,MUY MORENA
29_34,APRUEBA,MORENA
29_34,APRUEBA,MORENA
29_34,APRUEBA,INTERMEDIO
29_34,APRUEBA,MORENA
16_34,DESAPRUEBA,MORENA
16_34,APRUEBA,MORENA
16_34,APRUEBA,MORENA
16_34,APRUEBA,INTERMEDIO
16_34,APRUEBA,MORENA
16_34,APRUEBA,INTERMEDIO
16_34,APRUEBA,MORENA
16_34,DESAPRUEBA,INTERMEDIO
16_34,INTERMEDIO,MORENA
16_34,APRUEBA,MUY MORENA
11_7,APRUEBA,MUY MORENA
11_7,APRUEBA,MUY MORENA
11_7,APRUEBA,MUY MORENA
11_7,APRUEBA,MUY MORENA
11_7,APRUEBA,INTERMEDIO
11_7,APRUEBA,NO CONTESTO
11_7,APRUEBA,POCO MORENA
11_7,DESAPRUEBA,INTERMEDIO
11_7,APRUEBA,MORENA
11_7,APRUEBA,MORENA
8_19,APRUEBA,MUY MORENA
8_19,APRUEBA,INTERMEDIO
8_19,APRUEBA,MORENA
8_19,APRUEBA,MORENA
8_19,APRUEBA,POCO MORENA
8_19,APRUEBA,INTERMEDIO
8_19,APRUEBA,INTERMEDIO
8_19,APRUEBA,MORENA
8_19,APRUEBA,MORENA
8_19,APRUEBA,MORENA
15_20,APRUEBA,MUY MORENA
15_20,DESAPRUEBA,POCO MORENA
15_20,INTERMEDIO,POCO MORENA
15_20,APRUEBA,MUY MORENA
15_20,APRUEBA,MORENA
15_20,DESAPRUEBA,POCO MORENA
15_20,APRUEBA,INTERMEDIO
15_20,APRUEBA,MORENA
15_20,DESAPRUEBA,POCO MORENA
15_20,APRUEBA,INTERMEDIO
31_50,APRUEBA,MUY MORENA
31_50,DESAPRUEBA,INTERMEDIO
31_50,APRUEBA,MORENA
31_50,DESAPRUEBA,POCO MORENA
31_50,APRUEBA,MUY MORENA
31_50,APRUEBA,MORENA
31_50,INTERMEDIO,NADA MORENA
31_50,APRUEBA,MUY MORENA
31_50,APRUEBA,MORENA
31_50,DESAPRUEBA,NADA MORENA
26_49,APRUEBA,MORENA
26_49,APRUEBA,MORENA
26_49,APRUEBA,MUY MORENA
26_49,INTERMEDIO,INTERMEDIO
26_49,APRUEBA,MUY MORENA
26_49,APRUEBA,MUY MORENA
26_49,APRUEBA,MORENA
26_49,APRUEBA,MORENA
26_49,APRUEBA,MORENA
26_49,APRUEBA,MUY MORENA
27_5,APRUEBA,MORENA
27_5,APRUEBA,MORENA
27_5,APRUEBA,INTERMEDIO
27_5,APRUEBA,MORENA
27_5,APRUEBA,MORENA
27_5,APRUEBA,MORENA
27_5,APRUEBA,MORENA
27_5,APRUEBA,MORENA
27_5,APRUEBA,MORENA
27_5,APRUEBA,MORENA
21_69,APRUEBA,MUY MORENA
21_69,APRUEBA,MORENA
21_69,APRUEBA,MUY MORENA
21_69,APRUEBA,MUY MORENA
21_69,INTERMEDIO,MORENA
21_69,APRUEBA,MORENA
21_69,APRUEBA,MORENA
21_69,APRUEBA,MORENA
21_69,APRUEBA,MUY MORENA
21_69,APRUEBA,MUY MORENA
9_3,DESAPRUEBA,MORENA
9_3,APRUEBA,MUY MORENA
9_3,APRUEBA,MORENA
9_3,APRUEBA,MUY MORENA
9_3,DESAPRUEBA,NADA MORENA
9_3,APRUEBA,INTERMEDIO
9_3,APRUEBA,MORENA
9_3,APRUEBA,MORENA
9_3,APRUEBA,MORENA
9_3,APRUEBA,MORENA
30_31,APRUEBA,MUY MORENA
30_31,APRUEBA,MORENA
30_31,APRUEBA,MORENA
30_31,APRUEBA,INTERMEDIO
30_31,APRUEBA,MORENA
30_31,APRUEBA,MUY MORENA
30_31,APRUEBA,MUY MORENA
30_31,APRUEBA,MORENA
30_31,DESAPRUEBA,INTERMEDIO
30_31,APRUEBA,MORENA
29_44,APRUEBA,INTERMEDIO
29_44,APRUEBA,MORENA
29_44,APRUEBA,MORENA
29_44,APRUEBA,MUY MORENA
29_44,APRUEBA,MUY MORENA
29_44,APRUEBA,MUY MORENA
29_44,APRUEBA,MORENA
29_44,APRUEBA,MORENA
29_44,APRUEBA,MORENA
29_44,APRUEBA,MUY MORENA
13_32,APRUEBA,MORENA
13_32,APRUEBA,MORENA
13_32,NO CONTESTO,MORENA
13_32,NO CONTESTO,INTERMEDIO
13_32,INTERMEDIO,NO CONTESTO
13_32,NO CONTESTO,NO CONTESTO
13_32,APRUEBA,NO CONTESTO
13_32,INTERMEDIO,MORENA
13_32,INTERMEDIO,INTERMEDIO
13_32,APRUEBA,INTERMEDIO
31_50,INTERMEDIO,NO CONTESTO
31_50,APRUEBA,MUY MORENA
31_50,APRUEBA,MORENA
31_50,APRUEBA,MUY MORENA
31_50,APRUEBA,MUY MORENA
31_50,APRUEBA,POCO MORENA
31_50,APRUEBA,INTERMEDIO
31_50,APRUEBA,MORENA
31_50,APRUEBA,MUY MORENA
31_50,APRUEBA,INTERMEDIO
28_22,APRUEBA,MORENA
28_22,APRUEBA,MORENA
28_22,INTERMEDIO,INTERMEDIO
28_22,APRUEBA,MORENA
28_22,APRUEBA,MUY MORENA
28_22,APRUEBA,MUY MORENA
28_22,APRUEBA,MUY MORENA
28_22,APRUEBA,MORENA
28_22,APRUEBA,MORENA
28_22,APRUEBA,MORENA
28_22,APRUEBA,MORENA
2_2,APRUEBA,MORENA
2_2,APRUEBA,MORENA
2_2,APRUEBA,NO CONTESTO
2_2,APRUEBA,MORENA
2_2,APRUEBA,MORENA
2_2,DESAPRUEBA,POCO MORENA
2_2,APRUEBA,MORENA
2_2,APRUEBA,MUY MORENA
2_2,APRUEBA,MORENA
2_2,APRUEBA,MUY MORENA
17_22,APRUEBA,MUY MORENA
17_22,APRUEBA,INTERMEDIO
17_22,APRUEBA,MORENA
17_22,INTERMEDIO,POCO MORENA
17_22,DESAPRUEBA,MORENA
17_22,DESAPRUEBA,POCO MORENA
17_22,APRUEBA,MORENA
17_22,APRUEBA,INTERMEDIO
17_22,APRUEBA,MUY MORENA
17_22,INTERMEDIO,INTERMEDIO
2_3,APRUEBA,POCO MORENA
2_3,APRUEBA,MORENA
2_3,APRUEBA,MORENA
2_3,APRUEBA,NO CONTESTO
2_3,APRUEBA,MUY MORENA
2_3,APRUEBA,MORENA
2_3,APRUEBA,MORENA
2_3,APRUEBA,MUY MORENA
2_3,APRUEBA,MUY MORENA
2_3,APRUEBA,MORENA
2_3,APRUEBA,MORENA
26_55,APRUEBA,MUY MORENA
26_55,APRUEBA,MORENA
26_55,APRUEBA,INTERMEDIO
26_55,APRUEBA,MORENA
26_55,APRUEBA,MORENA
26_55,APRUEBA,MUY MORENA
26_55,APRUEBA,MORENA
26_55,APRUEBA,MUY MORENA
26_55,APRUEBA,MORENA
26_55,APRUEBA,MUY MORENA
26_55,APRUEBA,MORENA
20_88,APRUEBA,MUY MORENA
20_88,INTERMEDIO,INTERMEDIO
20_88,APRUEBA,MORENA
20_88,APRUEBA,INTERMEDIO
20_88,APRUEBA,MORENA
20_88,NO CONTESTO,INTERMEDIO
20_88,APRUEBA,MORENA
20_88,APRUEBA,MORENA
20_88,APRUEBA,INTERMEDIO
20_88,APRUEBA,INTERMEDIO
21_87,APRUEBA,MORENA
21_87,INTERMEDIO,INTERMEDIO
21_87,APRUEBA,INTERMEDIO
21_87,APRUEBA,MUY MORENA
21_87,DESAPRUEBA,POCO MORENA
21_87,APRUEBA,MORENA
21_87,APRUEBA,MORENA
21_87,APRUEBA,MORENA
21_87,INTERMEDIO,INTERMEDIO
21_87,APRUEBA,MORENA
21_87,APRUEBA,MUY MORENA
2_4,APRUEBA,MORENA
2_4,APRUEBA,NO CONTESTO
2_4,APRUEBA,MORENA
2_4,APRUEBA,MUY MORENA
2_4,APRUEBA,MORENA
2_4,APRUEBA,MORENA
2_4,APRUEBA,MORENA
2_4,INTERMEDIO,INTERMEDIO
2_4,APRUEBA,MORENA
2_4,APRUEBA,MORENA
2_4,APRUEBA,MUY MORENA
2_4,APRUEBA,MORENA
20_99,APRUEBA,MORENA
20_99,APRUEBA,MORENA
20_99,APRUEBA,INTERMEDIO
20_99,APRUEBA,MORENA
20_99,APRUEBA,MORENA
20_99,APRUEBA,MORENA
20_99,APRUEBA,POCO MORENA
20_99,APRUEBA,MUY MORENA
20_99,INTERMEDIO,POCO MORENA
20_99,APRUEBA,MORENA
20_99,APRUEBA,MORENA
17_26,APRUEBA,INTERMEDIO
17_26,APRUEBA,MORENA
17_26,APRUEBA,INTERMEDIO
17_26,APRUEBA,MORENA
17_26,APRUEBA,MORENA
17_26,APRUEBA,MUY MORENA
17_26,APRUEBA,MORENA
17_26,APRUEBA,INTERMEDIO
17_26,APRUEBA,MUY MORENA
17_26,APRUEBA,MORENA
10_13,APRUEBA,INTERMEDIO
10_13,APRUEBA,MUY MORENA
10_13,APRUEBA,MORENA
10_13,DESAPRUEBA,MORENA
10_13,DESAPRUEBA,MORENA
10_13,APRUEBA,MORENA
10_13,APRUEBA,NO CONTESTO
10_13,APRUEBA,MORENA
10_13,APRUEBA,POCO MORENA
10_13,APRUEBA,INTERMEDIO
15_25,APRUEBA,MORENA
15_25,APRUEBA,MORENA
15_25,DESAPRUEBA,NADA MORENA
15_25,DESAPRUEBA,NADA MORENA
15_25,DESAPRUEBA,NADA MORENA
15_25,APRUEBA,POCO MORENA
15_25,DESAPRUEBA,NADA MORENA
15_25,APRUEBA,POCO MORENA
15_25,DESAPRUEBA,POCO MORENA
15_25,INTERMEDIO,NADA MORENA
13_44,APRUEBA,MORENA
13_44,APRUEBA,MORENA
13_44,APRUEBA,MORENA
13_44,APRUEBA,MORENA
13_44,APRUEBA,MORENA
13_44,DESAPRUEBA,NADA MORENA
13_44,APRUEBA,MORENA
13_44,APRUEBA,MORENA
13_44,APRUEBA,MORENA
13_44,APRUEBA,NO CONTESTO
31_76,APRUEBA,MUY MORENA
31_76,APRUEBA,MUY MORENA
31_76,APRUEBA,MUY MORENA
31_76,APRUEBA,MORENA
31_76,APRUEBA,MORENA
31_76,APRUEBA,MUY MORENA
31_76,APRUEBA,MORENA
31_76,APRUEBA,MUY MORENA
31_76,APRUEBA,MORENA
31_76,APRUEBA,MORENA
31_76,APRUEBA,INTERMEDIO
24_28,APRUEBA,MUY MORENA
24_28,APRUEBA,MORENA
24_28,APRUEBA,MUY MORENA
24_28,DESAPRUEBA,POCO MORENA
24_28,APRUEBA,MORENA
24_28,DESAPRUEBA,POCO MORENA
24_28,DESAPRUEBA,POCO MORENA
24_28,APRUEBA,MORENA
24_28,APRUEBA,MORENA
24_28,APRUEBA,MUY MORENA
15_25,APRUEBA,MORENA
15_25,APRUEBA,MUY MORENA
15_25,INTERMEDIO,NO CONTESTO
15_25,APRUEBA,MORENA
15_25,APRUEBA,MORENA
15_25,INTERMEDIO,INTERMEDIO
15_25,APRUEBA,INTERMEDIO
15_25,APRUEBA,MORENA
15_25,APRUEBA,MORENA
15_25,DESAPRUEBA,NADA MORENA
5_30,APRUEBA,MORENA
5_30,APRUEBA,POCO MORENA
5_30,INTERMEDIO,MORENA
5_30,APRUEBA,MORENA
5_30,APRUEBA,MORENA
5_30,APRUEBA,NO CONTESTO
5_30,APRUEBA,MUY MORENA
5_30,APRUEBA,MORENA
5_30,INTERMEDIO,NO CONTESTO
5_30,APRUEBA,MUY MORENA
16_52,APRUEBA,MORENA
16_52,APRUEBA,MORENA
16_52,APRUEBA,MORENA
16_52,APRUEBA,INTERMEDIO
16_52,APRUEBA,INTERMEDIO
16_52,APRUEBA,MORENA
16_52,APRUEBA,MORENA
16_52,APRUEBA,MORENA
16_52,DESAPRUEBA,INTERMEDIO
16_52,INTERMEDIO,MORENA
16_52,APRUEBA,MORENA
20_170,APRUEBA,MUY MORENA
20_170,APRUEBA,MORENA
20_170,APRUEBA,MORENA
20_170,APRUEBA,MUY MORENA
20_170,APRUEBA,MORENA
20_170,APRUEBA,MORENA
20_170,DESAPRUEBA,NO CONTESTO
20_170,DESAPRUEBA,INTERMEDIO
20_170,DESAPRUEBA,INTERMEDIO
20_170,APRUEBA,NO CONTESTO
13_49,DESAPRUEBA,POCO MORENA
13_49,INTERMEDIO,POCO MORENA
13_49,APRUEBA,MORENA
13_49,INTERMEDIO,NO CONTESTO
13_49,APRUEBA,INTERMEDIO
13_49,APRUEBA,MORENA
13_49,DESAPRUEBA,POCO MORENA
13_49,APRUEBA,MORENA
13_49,DESAPRUEBA,NADA MORENA
13_49,APRUEBA,MORENA
31_101,APRUEBA,MORENA
31_101,APRUEBA,MORENA
31_101,APRUEBA,MORENA
31_101,APRUEBA,MUY MORENA
31_101,APRUEBA,MORENA
31_101,APRUEBA,MORENA
31_101,APRUEBA,MORENA
31_101,APRUEBA,MORENA
31_101,APRUEBA,MORENA
31_101,APRUEBA,MORENA
5_30,APRUEBA,MUY MORENA
5_30,APRUEBA,MORENA
5_30,APRUEBA,MORENA
5_30,APRUEBA,MORENA
5_30,APRUEBA,INTERMEDIO
5_30,APRUEBA,INTERMEDIO
5_30,APRUEBA,INTERMEDIO
5_30,APRUEBA,MORENA
5_30,APRUEBA,MUY MORENA
5_30,APRUEBA,MORENA
19_40,APRUEBA,INTERMEDIO
19_40,APRUEBA,MORENA
19_40,APRUEBA,MORENA
19_40,APRUEBA,INTERMEDIO
19_40,APRUEBA,MORENA
19_40,APRUEBA,MUY MORENA
19_40,APRUEBA,MORENA
19_40,APRUEBA,MUY MORENA
19_40,APRUEBA,MORENA
19_40,APRUEBA,MORENA
8_24,APRUEBA,MORENA
8_24,APRUEBA,MORENA
8_24,DESAPRUEBA,NADA MORENA
8_24,APRUEBA,MORENA
8_24,DESAPRUEBA,POCO MORENA
8_24,APRUEBA,MORENA
8_24,APRUEBA,MORENA
8_24,APRUEBA,MORENA
8_24,APRUEBA,MORENA
8_24,INTERMEDIO,POCO MORENA
9_5,APRUEBA,MORENA
9_5,DESAPRUEBA,NADA MORENA
9_5,APRUEBA,MORENA
9_5,INTERMEDIO,MORENA
9_5,DESAPRUEBA,POCO MORENA
9_5,INTERMEDIO,NADA MORENA
9_5,DESAPRUEBA,NADA MORENA
9_5,DESAPRUEBA,NADA MORENA
9_5,DESAPRUEBA,POCO MORENA
9_5,DESAPRUEBA,POCO MORENA
9_5,DESAPRUEBA,NADA MORENA
16_54,INTERMEDIO,NO CONTESTO
16_54,APRUEBA,MUY MORENA
16_54,APRUEBA,MUY MORENA
16_54,INTERMEDIO,MORENA
16_54,APRUEBA,MORENA
16_54,APRUEBA,MORENA
16_54,APRUEBA,MORENA
16_54,INTERMEDIO,MORENA
16_54,INTERMEDIO,MORENA
16_54,DESAPRUEBA,POCO MORENA
30_46,APRUEBA,MORENA
30_46,APRUEBA,MORENA
30_46,APRUEBA,MORENA
30_46,APRUEBA,MORENA
30_46,APRUEBA,INTERMEDIO
30_46,DESAPRUEBA,INTERMEDIO
30_46,APRUEBA,MORENA
30_46,APRUEBA,MUY MORENA
30_46,APRUEBA,MUY MORENA
30_46,DESAPRUEBA,POCO MORENA
20_183,APRUEBA,MORENA
20_183,INTERMEDIO,MORENA
20_183,APRUEBA,INTERMEDIO
20_183,APRUEBA,MUY MORENA
20_183,APRUEBA,MUY MORENA
20_183,APRUEBA,MORENA
20_183,APRUEBA,MUY MORENA
20_183,APRUEBA,MUY MORENA
20_183,APRUEBA,MORENA
20_183,APRUEBA,MORENA
2_4,APRUEBA,MUY MORENA
2_4,APRUEBA,MORENA
2_4,APRUEBA,MORENA
2_4,APRUEBA,MUY MORENA
2_4,APRUEBA,MUY MORENA
2_4,APRUEBA,MUY MORENA
2_4,APRUEBA,MUY MORENA
2_4,DESAPRUEBA,POCO MORENA
2_4,APRUEBA,MORENA
2_4,DESAPRUEBA,INTERMEDIO
8_31,APRUEBA,MORENA
8_31,APRUEBA,MUY MORENA
8_31,APRUEBA,MORENA
8_31,APRUEBA,MUY MORENA
8_31,NO CONTESTO,MORENA
8_31,APRUEBA,INTERMEDIO
8_31,APRUEBA,MORENA
8_31,DESAPRUEBA,NADA MORENA
8_31,DESAPRUEBA,MORENA
8_31,APRUEBA,MORENA
21_115,DESAPRUEBA,POCO MORENA
21_115,APRUEBA,MORENA
21_115,APRUEBA,MORENA
21_115,DESAPRUEBA,POCO MORENA
21_115,DESAPRUEBA,POCO MORENA
21_115,APRUEBA,MORENA
21_115,APRUEBA,MORENA
21_115,APRUEBA,MORENA
21_115,APRUEBA,NADA MORENA
21_115,APRUEBA,MORENA
21_115,APRUEBA,MUY MORENA
21_115,APRUEBA,NO CONTESTO
21_115,APRUEBA,MORENA
21_115,DESAPRUEBA,POCO MORENA
21_115,APRUEBA,MORENA
21_115,DESAPRUEBA,NO CONTESTO
21_115,APRUEBA,MORENA
21_115,APRUEBA,MORENA
21_115,DESAPRUEBA,POCO MORENA
21_115,DESAPRUEBA,MORENA
2_5,APRUEBA,POCO MORENA
2_5,APRUEBA,MORENA
2_5,APRUEBA,MORENA
2_5,APRUEBA,MORENA
2_5,APRUEBA,MORENA
2_5,APRUEBA,MUY MORENA
2_5,APRUEBA,MORENA
2_5,APRUEBA,MUY MORENA
2_5,APRUEBA,MORENA
2_5,APRUEBA,MUY MORENA
11_20,APRUEBA,MORENA
11_20,APRUEBA,MORENA
11_20,DESAPRUEBA,NADA MORENA
11_20,APRUEBA,MUY MORENA
11_20,APRUEBA,MORENA
11_20,APRUEBA,MORENA
11_20,DESAPRUEBA,MORENA
11_20,APRUEBA,INTERMEDIO
11_20,APRUEBA,MORENA
28_38,DESAPRUEBA,MORENA
28_38,APRUEBA,MORENA
28_38,APRUEBA,INTERMEDIO
28_38,APRUEBA,MUY MORENA
28_38,APRUEBA,MORENA
28_38,DESAPRUEBA,POCO MORENA
28_38,APRUEBA,MORENA
28_38,APRUEBA,MUY MORENA
28_38,APRUEBA,MORENA
28_38,APRUEBA,MUY MORENA
10_37,INTERMEDIO,INTERMEDIO
10_37,APRUEBA,MUY MORENA
10_37,APRUEBA,MUY MORENA
10_37,APRUEBA,MORENA
10_37,APRUEBA,MORENA
10_37,APRUEBA,MUY MORENA
10_37,APRUEBA,MORENA
10_37,APRUEBA,MORENA
10_37,APRUEBA,MUY MORENA
10_37,APRUEBA,MORENA
15_34,APRUEBA,MORENA
15_34,APRUEBA,MORENA
15_34,APRUEBA,MUY MORENA
15_34,DESAPRUEBA,INTERMEDIO
15_34,APRUEBA,MUY MORENA
15_34,APRUEBA,INTERMEDIO
15_34,APRUEBA,MORENA
15_34,APRUEBA,MORENA
15_34,APRUEBA,MORENA
15_34,APRUEBA,MORENA
26_49,APRUEBA,MUY MORENA
26_49,APRUEBA,MORENA
26_49,DESAPRUEBA,NADA MORENA
26_49,DESAPRUEBA,INTERMEDIO
26_49,APRUEBA,MORENA
26_49,APRUEBA,MORENA
26_49,APRUEBA,MORENA
26_49,APRUEBA,MUY MORENA
26_49,APRUEBA,MORENA
26_49,APRUEBA,MORENA
19_40,APRUEBA,MORENA
19_40,INTERMEDIO,MORENA
19_40,APRUEBA,MORENA
19_40,APRUEBA,MORENA
19_40,APRUEBA,MUY MORENA
19_40,APRUEBA,MUY MORENA
19_40,APRUEBA,MORENA
19_40,APRUEBA,MORENA
19_40,APRUEBA,MORENA
19_40,APRUEBA,MORENA
5_35,APRUEBA,MORENA
5_35,APRUEBA,MORENA
5_35,APRUEBA,MUY MORENA
5_35,APRUEBA,INTERMEDIO
5_35,APRUEBA,INTERMEDIO
5_35,DESAPRUEBA,MUY MORENA
5_35,APRUEBA,MORENA
5_35,APRUEBA,MORENA
5_35,APRUEBA,MUY MORENA
5_35,APRUEBA,MORENA
30_69,APRUEBA,MUY MORENA
30_69,APRUEBA,MORENA
30_69,APRUEBA,MUY MORENA
30_69,APRUEBA,MORENA
30_69,APRUEBA,INTERMEDIO
30_69,APRUEBA,MORENA
30_69,APRUEBA,INTERMEDIO
30_69,APRUEBA,MORENA
30_69,APRUEBA,INTERMEDIO
30_69,APRUEBA,MORENA
30_69,APRUEBA,MORENA
30_70,INTERMEDIO,MORENA
30_70,INTERMEDIO,INTERMEDIO
30_70,APRUEBA,MUY MORENA
30_70,APRUEBA,MUY MORENA
30_70,APRUEBA,MORENA
30_70,APRUEBA,MUY MORENA
30_70,DESAPRUEBA,INTERMEDIO
30_70,DESAPRUEBA,POCO MORENA
30_70,APRUEBA,MORENA
30_70,DESAPRUEBA,POCO MORENA
24_47,DESAPRUEBA,MORENA
24_47,APRUEBA,MORENA
24_47,APRUEBA,MORENA
24_47,APRUEBA,MORENA
24_47,APRUEBA,MORENA
24_47,APRUEBA,MORENA
24_47,APRUEBA,INTERMEDIO
24_47,INTERMEDIO,INTERMEDIO
24_47,DESAPRUEBA,INTERMEDIO
24_47,APRUEBA,MORENA
21_115,APRUEBA,INTERMEDIO
21_115,DESAPRUEBA,MORENA
21_115,APRUEBA,MORENA
21_115,APRUEBA,MUY MORENA
21_115,APRUEBA,NADA MORENA
21_115,APRUEBA,MORENA
21_115,APRUEBA,MORENA
21_115,APRUEBA,MUY MORENA
21_115,APRUEBA,MUY MORENA
21_115,APRUEBA,POCO MORENA
28_41,APRUEBA,MUY MORENA
28_41,DESAPRUEBA,MORENA
28_41,APRUEBA,MORENA
28_41,APRUEBA,MUY MORENA
28_41,APRUEBA,MORENA
28_41,APRUEBA,MORENA
28_41,APRUEBA,MORENA
28_41,APRUEBA,MORENA
28_41,APRUEBA,MORENA
28_41,APRUEBA,MUY MORENA
16_74,APRUEBA,INTERMEDIO
16_74,APRUEBA,POCO MORENA
16_74,APRUEBA,MORENA
16_74,APRUEBA,POCO MORENA
16_74,APRUEBA,MORENA
16_74,APRUEBA,INTERMEDIO
16_74,APRUEBA,MORENA
16_74,APRUEBA,MORENA
16_74,APRUEBA,INTERMEDIO
16_74,APRUEBA,MORENA
30_76,APRUEBA,MUY MORENA
30_76,APRUEBA,MORENA
30_76,APRUEBA,MORENA
30_76,APRUEBA,MUY MORENA
30_76,APRUEBA,MORENA
30_76,APRUEBA,INTERMEDIO
30_76,APRUEBA,MUY MORENA
30_76,APRUEBA,MORENA
30_76,APRUEBA,MUY MORENA
30_76,APRUEBA,MORENA
14_55,DESAPRUEBA,POCO MORENA
14_55,APRUEBA,MORENA
14_55,INTERMEDIO,MORENA
14_55,INTERMEDIO,INTERMEDIO
14_55,APRUEBA,MORENA
14_55,APRUEBA,MORENA
14_55,APRUEBA,MORENA
14_55,APRUEBA,MORENA
14_55,APRUEBA,MORENA
14_55,APRUEBA,NO CONTESTO
9_6,INTERMEDIO,MUY MORENA
9_6,DESAPRUEBA,POCO MORENA
9_6,APRUEBA,MORENA
9_6,APRUEBA,POCO MORENA
9_6,APRUEBA,INTERMEDIO
9_6,DESAPRUEBA,MORENA
9_6,APRUEBA,MORENA
9_6,INTERMEDIO,NADA MORENA
9_6,APRUEBA,MUY MORENA
9_6,APRUEBA,MUY MORENA
15_34,APRUEBA,MORENA
15_34,APRUEBA,MORENA
15_34,APRUEBA,MORENA
15_34,APRUEBA,MUY MORENA
15_34,APRUEBA,MORENA
15_34,APRUEBA,INTERMEDIO
15_34,APRUEBA,MORENA
15_34,APRUEBA,MORENA
15_34,APRUEBA,INTERMEDIO
15_34,APRUEBA,MORENA
19_47,APRUEBA,MUY MORENA
19_47,APRUEBA,MORENA
19_47,APRUEBA,MORENA
19_47,DESAPRUEBA,POCO MORENA
19_47,DESAPRUEBA,INTERMEDIO
19_47,APRUEBA,POCO MORENA
19_47,APRUEBA,MORENA
19_47,APRUEBA,MORENA
19_47,APRUEBA,MORENA
19_47,APRUEBA,MUY MORENA
19_47,APRUEBA,MUY MORENA
16_83,INTERMEDIO,POCO MORENA
16_83,APRUEBA,MORENA
16_83,APRUEBA,MORENA
16_83,APRUEBA,MORENA
16_83,APRUEBA,MUY MORENA
16_83,APRUEBA,MORENA
16_83,APRUEBA,MORENA
16_83,APRUEBA,MORENA
16_83,DESAPRUEBA,NADA MORENA
16_83,APRUEBA,MORENA
15_34,INTERMEDIO,NADA MORENA
15_34,DESAPRUEBA,POCO MORENA
15_34,APRUEBA,MUY MORENA
15_34,APRUEBA,MUY MORENA
15_34,APRUEBA,MORENA
15_34,APRUEBA,MORENA
15_34,APRUEBA,MORENA
15_34,APRUEBA,MUY MORENA
15_34,APRUEBA,MORENA
15_34,APRUEBA,MORENA
15_34,APRUEBA,MORENA
11_23,APRUEBA,MORENA
11_23,DESAPRUEBA,NADA MORENA
11_23,DESAPRUEBA,NO CONTESTO
11_23,APRUEBA,MORENA
11_23,APRUEBA,POCO MORENA
11_23,NO CONTESTO,NO CONTESTO
11_23,INTERMEDIO,INTERMEDIO
11_23,APRUEBA,MORENA
11_23,INTERMEDIO,INTERMEDIO
11_23,INTERMEDIO,INTERMEDIO
11_23,APRUEBA,INTERMEDIO
19_47,DESAPRUEBA,POCO MORENA
19_47,APRUEBA,MUY MORENA
19_47,APRUEBA,MUY MORENA
19_47,APRUEBA,MORENA
19_47,APRUEBA,MORENA
19_47,APRUEBA,MORENA
19_47,APRUEBA,MORENA
19_47,APRUEBA,MUY MORENA
19_47,APRUEBA,MORENA
19_47,APRUEBA,MUY MORENA
9_7,APRUEBA,MUY MORENA
9_7,DESAPRUEBA,INTERMEDIO
9_7,APRUEBA,MUY MORENA
9_7,APRUEBA,MORENA
9_7,APRUEBA,MORENA
9_7,DESAPRUEBA,MORENA
9_7,APRUEBA,MORENA
9_7,APRUEBA,MORENA
9_7,APRUEBA,MORENA
9_7,APRUEBA,INTERMEDIO
8_37,APRUEBA,MORENA
8_37,APRUEBA,MUY MORENA
8_37,APRUEBA,MUY MORENA
8_37,APRUEBA,MUY MORENA
8_37,APRUEBA,MORENA
8_37,APRUEBA,MORENA
8_37,APRUEBA,INTERMEDIO
8_37,INTERMEDIO,INTERMEDIO
8_37,APRUEBA,MORENA
8_37,APRUEBA,POCO MORENA
20_496,APRUEBA,MUY MORENA
20_496,APRUEBA,MUY MORENA
20_496,APRUEBA,NO CONTESTO
20_496,APRUEBA,MORENA
20_496,APRUEBA,MUY MORENA
20_496,APRUEBA,MORENA
20_496,APRUEBA,MORENA
20_496,APRUEBA,MORENA
20_496,APRUEBA,MORENA
20_496,APRUEBA,MUY MORENA
20_496,APRUEBA,MUY MORENA
8_37,APRUEBA,MORENA
8_37,INTERMEDIO,INTERMEDIO
8_37,APRUEBA,MUY MORENA
8_37,APRUEBA,MORENA
8_37,APRUEBA,INTERMEDIO
8_37,APRUEBA,MUY MORENA
8_37,APRUEBA,POCO MORENA
8_37,APRUEBA,MORENA
8_37,APRUEBA,MORENA
8_37,APRUEBA,MUY MORENA
20_515,APRUEBA,MUY MORENA
20_515,APRUEBA,INTERMEDIO
20_515,APRUEBA,MUY MORENA
20_515,APRUEBA,MUY MORENA
20_515,APRUEBA,MORENA
20_515,APRUEBA,MORENA
20_515,APRUEBA,MORENA
20_515,APRUEBA,MORENA
20_515,APRUEBA,MORENA
20_515,INTERMEDIO,NO CONTESTO
11_27,APRUEBA,NO CONTESTO
11_27,APRUEBA,MORENA
11_27,APRUEBA,MUY MORENA
11_27,APRUEBA,MORENA
11_27,APRUEBA,INTERMEDIO
11_27,APRUEBA,INTERMEDIO
11_27,APRUEBA,MUY MORENA
11_27,DESAPRUEBA,INTERMEDIO
11_27,APRUEBA,MORENA
11_27,APRUEBA,INTERMEDIO
30_103,APRUEBA,MORENA
30_103,APRUEBA,MUY MORENA
30_103,APRUEBA,MORENA
30_103,APRUEBA,MORENA
30_103,APRUEBA,MUY MORENA
30_103,INTERMEDIO,INTERMEDIO
30_103,APRUEBA,INTERMEDIO
30_103,APRUEBA,MORENA
30_103,APRUEBA,MORENA
30_103,APRUEBA,MORENA
20_553,APRUEBA,MORENA
20_553,APRUEBA,MORENA
20_553,APRUEBA,INTERMEDIO
20_553,APRUEBA,INTERMEDIO
20_553,APRUEBA,MORENA
20_553,APRUEBA,MORENA
20_553,APRUEBA,MORENA
20_553,APRUEBA,MUY MORENA
20_553,APRUEBA,MUY MORENA
20_553,APRUEBA,MORENA
9_7,DESAPRUEBA,POCO MORENA
9_7,DESAPRUEBA,INTERMEDIO
9_7,DESAPRUEBA,POCO MORENA
9_7,APRUEBA,MORENA
9_7,INTERMEDIO,MORENA
9_7,APRUEBA,MUY MORENA
9_7,APRUEBA,MORENA
9_7,INTERMEDIO,MORENA
9_7,DESAPRUEBA,NADA MORENA
9_7,INTERMEDIO,INTERMEDIO
30_106,APRUEBA,MORENA
30_106,APRUEBA,MUY MORENA
30_106,INTERMEDIO,MORENA
30_106,APRUEBA,MORENA
30_106,APRUEBA,MORENA
30_106,APRUEBA,MORENA
30_106,APRUEBA,MORENA
30_106,APRUEBA,MUY MORENA
30_106,APRUEBA,MUY MORENA
30_106,APRUEBA,INTERMEDIO
19_6,APRUEBA,MUY MORENA
19_6,APRUEBA,MORENA
19_6,APRUEBA,MORENA
19_6,APRUEBA,INTERMEDIO
19_6,APRUEBA,MORENA
19_6,APRUEBA,MORENA
19_6,APRUEBA,INTERMEDIO
19_6,APRUEBA,MORENA
19_6,APRUEBA,MORENA
19_6,APRUEBA,MORENA
11_31,APRUEBA,MORENA
11_31,APRUEBA,MUY MORENA
11_31,INTERMEDIO,INTERMEDIO
11_31,APRUEBA,MORENA
11_31,APRUEBA,POCO MORENA
11_31,NO CONTESTO,MORENA
11_31,DESAPRUEBA,POCO MORENA
11_31,APRUEBA,MORENA
11_31,DESAPRUEBA,MORENA
11_31,APRUEBA,NADA MORENA
21_207,APRUEBA,MORENA
21_207,APRUEBA,MORENA
21_207,APRUEBA,INTERMEDIO
21_207,APRUEBA,INTERMEDIO
21_207,APRUEBA,MORENA
21_207,APRUEBA,MORENA
21_207,APRUEBA,MORENA
21_207,DESAPRUEBA,INTERMEDIO
21_207,DESAPRUEBA,INTERMEDIO
21_207,APRUEBA,MORENA
30_109,DESAPRUEBA,INTERMEDIO
30_109,APRUEBA,MORENA
30_109,INTERMEDIO,INTERMEDIO
30_109,APRUEBA,MORENA
30_109,APRUEBA,MORENA
30_109,APRUEBA,INTERMEDIO
30_109,APRUEBA,MORENA
30_109,APRUEBA,MORENA
30_109,DESAPRUEBA,INTERMEDIO
30_109,APRUEBA,MORENA
14_99,APRUEBA,MUY MORENA
14_99,APRUEBA,MUY MORENA
14_99,INTERMEDIO,INTERMEDIO
14_99,DESAPRUEBA,POCO MORENA
14_99,INTERMEDIO,NO CONTESTO
14_99,DESAPRUEBA,POCO MORENA
14_99,APRUEBA,MORENA
14_99,APRUEBA,MORENA
14_99,INTERMEDIO,POCO MORENA
14_99,APRUEBA,MORENA
9_7,APRUEBA,MUY MORENA
9_7,APRUEBA,MORENA
9_7,APRUEBA,MORENA
9_7,INTERMEDIO,NADA MORENA
9_7,APRUEBA,MORENA
9_7,APRUEBA,INTERMEDIO
9_7,APRUEBA,MORENA
9_7,APRUEBA,MORENA
9_7,APRUEBA,MORENA
9_7,APRUEBA,MORENA
14_99,APRUEBA,MORENA
14_99,APRUEBA,INTERMEDIO
14_99,APRUEBA,NO CONTESTO
14_99,APRUEBA,MORENA
14_99,APRUEBA,MORENA
14_99,APRUEBA,MUY MORENA
14_99,DESAPRUEBA,INTERMEDIO
14_99,APRUEBA,MORENA
14_99,DESAPRUEBA,POCO MORENA
14_99,APRUEBA,MORENA
21_115,INTERMEDIO,MORENA
21_115,DESAPRUEBA,NO CONTESTO
21_115,APRUEBA,MUY MORENA
21_115,APRUEBA,MORENA
21_115,APRUEBA,MORENA
21_115,INTERMEDIO,POCO MORENA
21_115,APRUEBA,MORENA
21_115,APRUEBA,MORENA
21_115,APRUEBA,POCO MORENA
21_115,APRUEBA,MORENA
16_113,DESAPRUEBA,INTERMEDIO
16_113,DESAPRUEBA,MORENA
16_113,APRUEBA,MUY MORENA
16_113,APRUEBA,MORENA
16_113,APRUEBA,MORENA
16_113,APRUEBA,MORENA
16_113,APRUEBA,MORENA
16_113,APRUEBA,MORENA
16_113,APRUEBA,MORENA
16_113,INTERMEDIO,INTERMEDIO
14_102,APRUEBA,MUY MORENA
14_102,INTERMEDIO,INTERMEDIO
14_102,APRUEBA,MORENA
14_102,APRUEBA,MORENA
14_102,APRUEBA,MUY MORENA
14_102,APRUEBA,MUY MORENA
14_102,APRUEBA,MORENA
14_102,APRUEBA,INTERMEDIO
14_102,APRUEBA,MORENA
14_102,APRUEBA,INTERMEDIO
14_106,DESAPRUEBA,NADA MORENA
14_106,APRUEBA,MUY MORENA
14_106,DESAPRUEBA,POCO MORENA
14_106,APRUEBA,MORENA
14_106,APRUEBA,MUY MORENA
14_106,APRUEBA,INTERMEDIO
14_106,APRUEBA,MORENA
14_106,APRUEBA,INTERMEDIO
14_106,APRUEBA,MUY MORENA
14_106,APRUEBA,INTERMEDIO
14_106,APRUEBA,MUY MORENA
25_12,APRUEBA,MORENA
25_12,APRUEBA,MORENA
25_12,APRUEBA,MUY MORENA
25_12,APRUEBA,MORENA
25_12,APRUEBA,MUY MORENA
25_12,APRUEBA,MORENA
25_12,APRUEBA,MORENA
25_12,APRUEBA,NO CONTESTO
25_12,APRUEBA,INTERMEDIO
25_12,APRUEBA,MORENA
15_58,APRUEBA,MORENA
15_58,INTERMEDIO,POCO MORENA
15_58,APRUEBA,MORENA
15_58,DESAPRUEBA,NADA MORENA
15_58,APRUEBA,MORENA
15_58,APRUEBA,INTERMEDIO
15_58,DESAPRUEBA,NO CONTESTO
15_58,DESAPRUEBA,NADA MORENA
15_58,DESAPRUEBA,NADA MORENA
15_58,DESAPRUEBA,NADA MORENA
14_120,APRUEBA,INTERMEDIO
14_120,APRUEBA,MORENA
14_120,APRUEBA,MORENA
14_120,APRUEBA,MORENA
14_120,DESAPRUEBA,POCO MORENA
14_120,NO CONTESTO,INTERMEDIO
14_120,INTERMEDIO,NADA MORENA
14_120,APRUEBA,MUY MORENA
14_120,APRUEBA,MUY MORENA
25_12,APRUEBA,MORENA
25_12,APRUEBA,NADA MORENA
25_12,APRUEBA,MORENA
25_12,DESAPRUEBA,MORENA
25_12,APRUEBA,MORENA
25_12,APRUEBA,MORENA
25_12,APRUEBA,MUY MORENA
25_12,APRUEBA,MORENA
25_12,APRUEBA,MORENA
25_12,APRUEBA,MORENA
9_8,APRUEBA,MUY MORENA
9_8,INTERMEDIO,INTERMEDIO
9_8,APRUEBA,MUY MORENA
9_8,DESAPRUEBA,MORENA
9_8,APRUEBA,MUY MORENA
9_8,APRUEBA,POCO MORENA
9_8,APRUEBA,MORENA
9_8,APRUEBA,MUY MORENA
9_8,APRUEBA,MORENA
9_8,APRUEBA,MORENA
11_20,APRUEBA,NO CONTESTO
11_20,APRUEBA,MORENA
11_20,APRUEBA,MUY MORENA
11_20,APRUEBA,INTERMEDIO
11_20,DESAPRUEBA,POCO MORENA
11_20,APRUEBA,NO CONTESTO
11_20,APRUEBA,NO CONTESTO
11_20,APRUEBA,MUY MORENA
11_20,DESAPRUEBA,NADA MORENA
11_20,APRUEBA,NADA MORENA
15_60,APRUEBA,MORENA
15_60,APRUEBA,MORENA
15_60,DESAPRUEBA,NADA MORENA
15_60,APRUEBA,MORENA
15_60,APRUEBA,MUY MORENA
15_60,APRUEBA,MORENA
15_60,APRUEBA,MUY MORENA
15_60,APRUEBA,MUY MORENA
15_60,APRUEBA,MUY MORENA
15_60,APRUEBA,POCO MORENA
9_9,APRUEBA,MORENA
9_9,APRUEBA,MORENA
9_9,DESAPRUEBA,NADA MORENA
9_9,APRUEBA,MORENA
9_9,INTERMEDIO,INTERMEDIO
9_9,APRUEBA,MUY MORENA
9_9,INTERMEDIO,MORENA
9_9,DESAPRUEBA,MORENA
9_9,APRUEBA,MORENA
9_9,APRUEBA,INTERMEDIO
14_120,DESAPRUEBA,NADA MORENA
14_120,APRUEBA,MORENA
14_120,APRUEBA,NO CONTESTO
14_120,APRUEBA,MORENA
14_120,APRUEBA,MUY MORENA
14_120,DESAPRUEBA,NADA MORENA
14_120,APRUEBA,INTERMEDIO
14_120,APRUEBA,MUY MORENA
14_120,DESAPRUEBA,NADA MORENA
14_120,DESAPRUEBA,INTERMEDIO
14_123,APRUEBA,MUY MORENA
14_123,APRUEBA,INTERMEDIO
14_123,APRUEBA,MUY MORENA
14_123,APRUEBA,MORENA
14_123,APRUEBA,MUY MORENA
14_123,APRUEBA,INTERMEDIO
14_123,APRUEBA,MORENA
14_123,DESAPRUEBA,MORENA
14_123,INTERMEDIO,INTERMEDIO
14_123,DESAPRUEBA,POCO MORENA
14_98,APRUEBA,MORENA
14_98,INTERMEDIO,MORENA
14_98,APRUEBA,INTERMEDIO
14_98,APRUEBA,MORENA
14_98,APRUEBA,MUY MORENA
14_98,APRUEBA,MUY MORENA
14_98,INTERMEDIO,INTERMEDIO
14_98,APRUEBA,MORENA
14_98,APRUEBA,MORENA
14_98,APRUEBA,MORENA
25_18,APRUEBA,MUY MORENA
25_18,APRUEBA,MORENA
25_18,APRUEBA,MORENA
25_18,APRUEBA,INTERMEDIO
25_18,APRUEBA,MORENA
25_18,APRUEBA,MORENA
25_18,APRUEBA,MORENA
25_18,APRUEBA,MUY MORENA
25_18,DESAPRUEBA,POCO MORENA
25_18,APRUEBA,INTERMEDIO
9_12,APRUEBA,MUY MORENA
9_12,APRUEBA,MUY MORENA
9_12,APRUEBA,INTERMEDIO
9_12,DESAPRUEBA,POCO MORENA
9_12,APRUEBA,MUY MORENA
9_12,DESAPRUEBA,NADA MORENA
9_12,APRUEBA,POCO MORENA
9_12,APRUEBA,MORENA
9_12,APRUEBA,MORENA
9_12,DESAPRUEBA,NADA MORENA
30_174,APRUEBA,MORENA
30_174,APRUEBA,INTERMEDIO
30_174,INTERMEDIO,MORENA
30_174,APRUEBA,MORENA
30_174,APRUEBA,MUY MORENA
30_174,APRUEBA,MORENA
30_174,APRUEBA,MUY MORENA
30_174,APRUEBA,MUY MORENA
30_174,APRUEBA,MUY MORENA
30_174,APRUEBA,MORENA
15_71,APRUEBA,MORENA
15_71,APRUEBA,MORENA
15_71,APRUEBA,MUY MORENA
15_71,INTERMEDIO,INTERMEDIO
15_71,APRUEBA,MORENA
15_71,DESAPRUEBA,NADA MORENA
15_71,APRUEBA,MORENA
15_71,APRUEBA,MORENA
15_71,APRUEBA,MORENA
15_71,APRUEBA,MORENA
9_12,APRUEBA,MORENA
9_12,APRUEBA,MUY MORENA
9_12,APRUEBA,MORENA
9_12,APRUEBA,MORENA
9_12,APRUEBA,MORENA
9_12,APRUEBA,INTERMEDIO
9_12,DESAPRUEBA,NADA MORENA
9_12,APRUEBA,MORENA
9_12,APRUEBA,MORENA
9_12,APRUEBA,INTERMEDIO
15_77,APRUEBA,MORENA
15_77,APRUEBA,MORENA
15_77,APRUEBA,INTERMEDIO
15_77,APRUEBA,MORENA
15_77,APRUEBA,MORENA
15_77,DESAPRUEBA,NO CONTESTO
15_77,APRUEBA,MUY MORENA
15_77,APRUEBA,MORENA
15_77,APRUEBA,MUY MORENA
15_77,APRUEBA,MORENA
15_77,INTERMEDIO,MORENA
15_81,NO CONTESTO,NO CONTESTO
15_81,APRUEBA,NADA MORENA
15_81,APRUEBA,MORENA
15_81,APRUEBA,MORENA
15_81,APRUEBA,MORENA
15_81,APRUEBA,MORENA
15_81,APRUEBA,MORENA
15_81,APRUEBA,MUY MORENA
15_81,APRUEBA,MORENA
15_81,APRUEBA,MORENA
15_81,APRUEBA,MORENA
30_192,APRUEBA,MORENA
30_192,APRUEBA,MORENA
30_192,APRUEBA,INTERMEDIO
30_192,APRUEBA,MORENA
30_192,APRUEBA,MORENA
30_192,APRUEBA,MORENA
30_192,APRUEBA,MORENA
30_192,APRUEBA,MORENA
30_192,APRUEBA,MUY MORENA
30_192,APRUEBA,MUY MORENA
15_83,DESAPRUEBA,POCO MORENA
15_83,NO CONTESTO,INTERMEDIO
15_83,INTERMEDIO,INTERMEDIO
15_83,APRUEBA,POCO MORENA
15_83,APRUEBA,MORENA
15_83,APRUEBA,MORENA
15_83,APRUEBA,MUY MORENA
15_83,APRUEBA,MORENA
15_83,APRUEBA,MUY MORENA
15_83,APRUEBA,INTERMEDIO
15_88,APRUEBA,POCO MORENA
15_88,APRUEBA,MORENA
15_88,APRUEBA,MORENA
15_88,APRUEBA,MORENA
15_88,DESAPRUEBA,POCO MORENA
15_88,APRUEBA,MORENA
15_88,INTERMEDIO,MORENA
15_88,APRUEBA,MORENA
15_88,APRUEBA,INTERMEDIO
15_88,APRUEBA,MORENA
15_88,APRUEBA,MORENA
15_88,DESAPRUEBA,NADA MORENA
15_100,DESAPRUEBA,NADA MORENA
15_100,INTERMEDIO,INTERMEDIO
15_100,APRUEBA,MORENA
15_100,APRUEBA,INTERMEDIO
15_100,APRUEBA,MORENA
15_100,DESAPRUEBA,POCO MORENA
15_100,APRUEBA,MORENA
15_100,APRUEBA,INTERMEDIO
15_100,APRUEBA,INTERMEDIO
15_100,APRUEBA,MORENA
30_41,APRUEBA,MORENA
30_41,APRUEBA,MORENA
30_41,APRUEBA,INTERMEDIO
30_41,APRUEBA,MORENA
30_41,APRUEBA,MUY MORENA
30_41,APRUEBA,MUY MORENA
30_41,APRUEBA,MUY MORENA
30_41,APRUEBA,MORENA
30_41,APRUEBA,MORENA
30_41,APRUEBA,MORENA
15_105,APRUEBA,MORENA
15_105,APRUEBA,MORENA
15_105,APRUEBA,NO CONTESTO
15_105,NO CONTESTO,NADA MORENA
15_105,APRUEBA,MORENA
15_105,DESAPRUEBA,MORENA
15_105,DESAPRUEBA,POCO MORENA
15_105,APRUEBA,MORENA
15_105,APRUEBA,MUY MORENA
15_105,APRUEBA,MORENA
15_105,DESAPRUEBA,INTERMEDIO
15_107,APRUEBA,MORENA
15_107,APRUEBA,MORENA
15_107,DESAPRUEBA,NADA MORENA
15_107,INTERMEDIO,NO CONTESTO
15_107,APRUEBA,MUY MORENA
15_107,APRUEBA,MORENA
15_107,INTERMEDIO,INTERMEDIO
15_107,APRUEBA,MORENA
15_107,APRUEBA,INTERMEDIO
15_107,APRUEBA,MUY MORENA
15_107,APRUEBA,MORENA
15_107,APRUEBA,INTERMEDIO
9_17,APRUEBA,MORENA
9_17,APRUEBA,MUY MORENA
9_17,APRUEBA,MUY MORENA
9_17,APRUEBA,MORENA
9_17,DESAPRUEBA,POCO MORENA
9_17,APRUEBA,POCO MORENA
9_17,DESAPRUEBA,POCO MORENA
9_17,APRUEBA,POCO MORENA
9_17,INTERMEDIO,INTERMEDIO
9_17,DESAPRUEBA,NADA MORENA
15_109,APRUEBA,INTERMEDIO
15_109,APRUEBA,MORENA
15_109,DESAPRUEBA,MORENA
15_109,APRUEBA,MORENA
15_109,APRUEBA,MORENA
15_109,APRUEBA,MORENA
15_109,APRUEBA,INTERMEDIO
15_109,INTERMEDIO,POCO MORENA
15_109,APRUEBA,MUY MORENA
15_109,DESAPRUEBA,POCO MORENA
15_109,APRUEBA,MORENA
22_14,APRUEBA,MORENA
22_14,APRUEBA,MORENA
22_14,DESAPRUEBA,POCO MORENA
22_14,APRUEBA,MUY MORENA
22_14,APRUEBA,MORENA
22_14,APRUEBA,MUY MORENA
22_14,INTERMEDIO,MORENA
22_14,APRUEBA,MORENA
22_14,APRUEBA,NADA MORENA
22_14,APRUEBA,MORENA
24_26,APRUEBA,MORENA
24_26,INTERMEDIO,MORENA
24_26,APRUEBA,MORENA
24_26,APRUEBA,MORENA
24_26,DESAPRUEBA,INTERMEDIO
24_26,APRUEBA,MORENA
24_26,APRUEBA,MUY MORENA
24_26,APRUEBA,MUY MORENA
24_26,DESAPRUEBA,MORENA
24_26,APRUEBA,MUY MORENA
25_6,APRUEBA,MORENA
25_6,APRUEBA,MUY MORENA
25_6,APRUEBA,MUY MORENA
25_6,DESAPRUEBA,POCO MORENA
25_6,DESAPRUEBA,POCO MORENA
25_6,APRUEBA,MORENA
25_6,APRUEBA,MORENA
25_6,DESAPRUEBA,NO CONTESTO
25_6,DESAPRUEBA,POCO MORENA
25_6,APRUEBA,MUY MORENA
26_49,APRUEBA,MORENA
26_49,APRUEBA,MORENA
26_49,APRUEBA,MUY MORENA
26_49,APRUEBA,MORENA
26_49,INTERMEDIO,POCO MORENA
26_49,APRUEBA,MUY MORENA
26_49,APRUEBA,MORENA
26_49,APRUEBA,MUY MORENA
26_49,APRUEBA,MUY MORENA
26_49,APRUEBA,MUY MORENA
9_15,APRUEBA,MORENA
9_15,APRUEBA,MUY MORENA
9_15,APRUEBA,MUY MORENA
9_15,APRUEBA,MORENA
9_15,DESAPRUEBA,NADA MORENA
9_15,DESAPRUEBA,NADA MORENA
9_15,INTERMEDIO,POCO MORENA
9_15,DESAPRUEBA,NADA MORENA
9_15,APRUEBA,MORENA
9_15,DESAPRUEBA,NADA MORENA
30_199,APRUEBA,MORENA
30_199,APRUEBA,MORENA
30_199,APRUEBA,MORENA
30_199,APRUEBA,MUY MORENA
30_199,APRUEBA,MUY MORENA
30_199,APRUEBA,MUY MORENA
30_199,APRUEBA,INTERMEDIO
30_199,APRUEBA,MUY MORENA
30_199,APRUEBA,MUY MORENA
30_199,APRUEBA,MORENA
